{
  "hash": "10123bd1",
  "configHash": "84ba1631",
  "lockfileHash": "d5a78184",
  "browserHash": "b28913aa",
  "optimized": {
    "@angular/common": {
      "src": "../../../../../node_modules/@angular/common/fesm2022/common.mjs",
      "file": "@angular_common.js",
      "fileHash": "72ef5fc3",
      "needsInterop": false
    },
    "@angular/common/http": {
      "src": "../../../../../node_modules/@angular/common/fesm2022/http.mjs",
      "file": "@angular_common_http.js",
      "fileHash": "a85c7f7e",
      "needsInterop": false
    },
    "@angular/core": {
      "src": "../../../../../node_modules/@angular/core/fesm2022/core.mjs",
      "file": "@angular_core.js",
      "fileHash": "b14e3b08",
      "needsInterop": false
    },
    "@angular/forms": {
      "src": "../../../../../node_modules/@angular/forms/fesm2022/forms.mjs",
      "file": "@angular_forms.js",
      "fileHash": "60fa7954",
      "needsInterop": false
    },
    "@angular/material/core": {
      "src": "../../../../../node_modules/@angular/material/fesm2022/core.mjs",
      "file": "@angular_material_core.js",
      "fileHash": "7cce4d25",
      "needsInterop": false
    },
    "@angular/material/datepicker": {
      "src": "../../../../../node_modules/@angular/material/fesm2022/datepicker.mjs",
      "file": "@angular_material_datepicker.js",
      "fileHash": "518937d8",
      "needsInterop": false
    },
    "@angular/material/form-field": {
      "src": "../../../../../node_modules/@angular/material/fesm2022/form-field.mjs",
      "file": "@angular_material_form-field.js",
      "fileHash": "06ceb51b",
      "needsInterop": false
    },
    "@angular/material/input": {
      "src": "../../../../../node_modules/@angular/material/fesm2022/input.mjs",
      "file": "@angular_material_input.js",
      "fileHash": "a2d78a09",
      "needsInterop": false
    },
    "@angular/material/paginator": {
      "src": "../../../../../node_modules/@angular/material/fesm2022/paginator.mjs",
      "file": "@angular_material_paginator.js",
      "fileHash": "da2eae9c",
      "needsInterop": false
    },
    "@angular/material/select": {
      "src": "../../../../../node_modules/@angular/material/fesm2022/select.mjs",
      "file": "@angular_material_select.js",
      "fileHash": "88a5fad3",
      "needsInterop": false
    },
    "@angular/material/snack-bar": {
      "src": "../../../../../node_modules/@angular/material/fesm2022/snack-bar.mjs",
      "file": "@angular_material_snack-bar.js",
      "fileHash": "e6d4d3ae",
      "needsInterop": false
    },
    "@angular/material/table": {
      "src": "../../../../../node_modules/@angular/material/fesm2022/table.mjs",
      "file": "@angular_material_table.js",
      "fileHash": "cccf7280",
      "needsInterop": false
    },
    "@angular/platform-browser": {
      "src": "../../../../../node_modules/@angular/platform-browser/fesm2022/platform-browser.mjs",
      "file": "@angular_platform-browser.js",
      "fileHash": "0db48d44",
      "needsInterop": false
    },
    "@angular/platform-browser/animations/async": {
      "src": "../../../../../node_modules/@angular/platform-browser/fesm2022/animations/async.mjs",
      "file": "@angular_platform-browser_animations_async.js",
      "fileHash": "a9e57459",
      "needsInterop": false
    },
    "@angular/router": {
      "src": "../../../../../node_modules/@angular/router/fesm2022/router.mjs",
      "file": "@angular_router.js",
      "fileHash": "2306944b",
      "needsInterop": false
    },
    "rxjs": {
      "src": "../../../../../node_modules/rxjs/dist/esm5/index.js",
      "file": "rxjs.js",
      "fileHash": "e4ee4d18",
      "needsInterop": false
    }
  },
  "chunks": {
    "browser-K6QD4PFM": {
      "file": "browser-K6QD4PFM.js"
    },
    "chunk-MEM2BOO6": {
      "file": "chunk-MEM2BOO6.js"
    },
    "chunk-3FUO2N4L": {
      "file": "chunk-3FUO2N4L.js"
    },
    "chunk-7EGEBUV4": {
      "file": "chunk-7EGEBUV4.js"
    },
    "chunk-CGXFRCCJ": {
      "file": "chunk-CGXFRCCJ.js"
    },
    "chunk-ZXLZMKV7": {
      "file": "chunk-ZXLZMKV7.js"
    },
    "chunk-EPMBZVCZ": {
      "file": "chunk-EPMBZVCZ.js"
    },
    "chunk-YKX25XPQ": {
      "file": "chunk-YKX25XPQ.js"
    },
    "chunk-I576CIP6": {
      "file": "chunk-I576CIP6.js"
    },
    "chunk-4RK6SPMU": {
      "file": "chunk-4RK6SPMU.js"
    },
    "chunk-FRVF6S6P": {
      "file": "chunk-FRVF6S6P.js"
    },
    "chunk-WJUDUU5Y": {
      "file": "chunk-WJUDUU5Y.js"
    },
    "chunk-WDF32WIX": {
      "file": "chunk-WDF32WIX.js"
    },
    "chunk-K733Z6CI": {
      "file": "chunk-K733Z6CI.js"
    },
    "chunk-SXIXOCJ4": {
      "file": "chunk-SXIXOCJ4.js"
    }
  }
}